"rank","title","year","imdbid","dbid"
"1","The Shawshank Redemption","1994","tt0111161","1292052"
"2","The Godfather","1972","tt0068646","1291841"
"3","The Dark Knight","2008","tt0468569","1851857"
"4","The Godfather Part II","1974","tt0071562","1299131"
"5","The Lord of the Rings: The Return of the King","2003","tt0167260","1291552"
"6","12 Angry Men","1957","tt0050083","1293182"
"7","Schindler's List","1993","tt0108052","1295124"
"8","The Lord of the Rings: The Fellowship of the Ring","2001","tt0120737","1291571"
"9","Pulp Fiction","1994","tt0110912","1291832"
"10","The Good, the Bad and the Ugly","1966","tt0060196","1401118"
"11","The Lord of the Rings: The Two Towers","2002","tt0167261","1291572"
"12","Forrest Gump","1994","tt0109830","1292720"
"13","Fight Club","1999","tt0137523","1292000"
"14","Inception","2010","tt1375666","3541415"
"15","Star Wars: Episode V - The Empire Strikes Back","1980","tt0080684","1296528"
"16","The Matrix","1999","tt0133093","1291843"
"17","Interstellar","2014","tt0816692","1889243"
"18","GoodFellas","1990","tt0099685","1292268"
"19","One Flew Over the Cuckoo's Nest","1975","tt0073486","1292224"
"20","Seven","1995","tt0114369","1292223"
"21","It's a Wonderful Life","1946","tt0038650","1293749"
"22","The Silence of the Lambs","1991","tt0102926","1293544"
"23","Saving Private Ryan","1998","tt0120815","1292849"
"24","Seven Samurai","1954","tt0047478","1295399"
"25","The Green Mile","1999","tt0120689","1300374"
"26","City of God","2002","tt0317248","1292208"
"27","Life Is Beautiful","1997","tt0118799","1292063"
"28","Terminator 2: Judgment Day","1991","tt0103064","1291844"
"29","Back to the Future","1985","tt0088763","1300555"
"30","Star Wars: Episode IV - A New Hope","1977","tt0076759","1293838"
"31","Kill Bill: The Whole Bloody Affair","2004","tt6019206","10756537"
"32","Spirited Away","2001","tt0245429","1291561"
"33","Gladiator","2000","tt0172495","1293530"
"34","The Pianist","2002","tt0253474","1296736"
"35","Parasite","2019","tt6751668","27010768"
"36","Grave of the Fireflies","1988","tt0095327","1293318"
"37","Harakiri","1962","tt0056058","1304920"
"38","Psycho","1960","tt0054215","1293181"
"39","The Lion King","1994","tt0110357","1301753"
"40","The Departed","2006","tt0407887","1315316"
"41","Whiplash","2014","tt2582802","25773932"
"42","The Prestige","2006","tt0482571","1780330"
"43","American History X","1998","tt0120586","1293527"
"44","Spider-Man: Across the Spider-Verse","2023","tt9362722","30391186"
"45","Léon: The Professional","1994","tt0110413","1295644"
"46","Cinema Paradiso","1988","tt0095765","1291828"
"47","Casablanca","1942","tt0034583","1296753"
"48","The Intouchables","2011","tt1675434","6786002"
"49","The Usual Suspects","1995","tt0114814","1292214"
"50","Django Unchained","2012","tt1853728","6307447"
"51","Alien","1979","tt0078748","1300868"
"52","Rear Window","1954","tt0047396","1299080"
"53","Modern Times","1936","tt0027977","1294371"
"54","Once Upon a Time in the West","1968","tt0064116","1293394"
"55","The Odyssey","2026","tt33764258","36808876"
"56","City Lights","1931","tt0021749","1293908"
"57","WALL·E","2008","tt0910970","2131459"
"58","Apocalypse Now","1979","tt0078788","1292260"
"59","Memento","2000","tt0209144","1304447"
"60","Avengers: Infinity War","2018","tt4154756","24773958"
"61","Dune: Part Two","2024","tt15239678","35575567"
"62","Raiders of the Lost Ark","1981","tt0082971","1296717"
"63","Spider-Man: Into the Spider-Verse","2018","tt4633694","26374197"
"64","The Lives of Others","2006","tt0405094","1900841"
"65","Sunset Boulevard","1950","tt0043014","1298733"
"66","Witness for the Prosecution","1957","tt0051201","1296141"
"67","Paths of Glory","1957","tt0050825","1292969"
"68","The Shining","1980","tt0081505","1292225"
"69","Inglourious Basterds","2009","tt0361748","1438652"
"70","The Great Dictator","1940","tt0032553","1295646"
"71","Aliens","1986","tt0090605","1293792"
"72","12th Fail","2023","tt23849204","36629878"
"73","High and Low","1963","tt0057565","1293663"
"74","Avengers: Endgame","2019","tt4154796","26100958"
"75","Good Will Hunting","1997","tt0119217","1292656"
"76","Coco","2017","tt2380307","20495023"
"77","The Dark Knight Rises","2012","tt1345836","3395373"
"78","Toy Story","1995","tt0114709","1291575"
"79","Amadeus","1984","tt0086879","1293399"
"80","Your Name.","2016","tt5311514","26683290"
"81","Das Boot","1981","tt0082096","1293909"
"82","Braveheart","1995","tt0112573","1294639"
"83","3 Idiots","2009","tt1187043","3793023"
"84","Princess Mononoke","1997","tt0119698","1297359"
"85","Oldboy","2003","tt0364569","1308865"
"86","Dr. Strangelove or: How I Learned to Stop Worrying and Love the Bomb","1964","tt0057012","1322848"
"87","American Beauty","1999","tt0169547","1292062"
"88","Capernaum","2018","tt8267604","30170448"
"89","Singin' in the Rain","1952","tt0045152","1293460"
"90","Once Upon a Time in America","1984","tt0087843","1292262"
"91","Joker","2019","tt7286456","27119724"
"92","Toy Story 3","2010","tt0435761","1858711"
"93","Star Wars: Episode VI - Return of the Jedi","1983","tt0086190","1297151"
"94","Come and See","1985","tt0091251","1422186"
"95","Requiem for a Dream","2000","tt0180093","1292270"
"96","Ikiru","1952","tt0044741","1293847"
"97","Incendies","2010","tt1255953","4935242"
"98","The Hunt","2012","tt2106476","6985810"
"99","Eternal Sunshine of the Spotless Mind","2004","tt0338013","1308777"
"100","The Apartment","1960","tt0053604","1394218"
"101","Lawrence of Arabia","1962","tt0056172","1292349"
"102","Heat","1995","tt0113277","1295686"
"103","Attack on Titan: The Last Attack","2024","tt33175825","37014543"
"104","Scarface","1983","tt0086250","1292065"
"105","Reservoir Dogs","1992","tt0105236","1299603"
"106","2001: A Space Odyssey","1968","tt0062622","1292226"
"107","Up","2009","tt1049413","2129039"
"108","Double Indemnity","1944","tt0036775","1293226"
"109","Like Stars on Earth","2007","tt0986264","2363506"
"110","North by Northwest","1959","tt0053125","1295872"
"111","Full Metal Jacket","1987","tt0093058","1300055"
"112","I Swear","2025","tt31514146","36860441"
"113","A Separation","2011","tt1832382","5964718"
"114","M","1931","tt0022100","1293381"
"115","Die Hard","1988","tt0095016","1292697"
"116","Amélie","2001","tt0211915","1292215"
"117","Vertigo","1958","tt0052357","1297294"
"118","Citizen Kane","1941","tt0033467","1292288"
"119","To Kill a Mockingbird","1962","tt0056592","1297991"
"120","Indiana Jones and the Last Crusade","1989","tt0097576","1293471"
"121","The Sting","1973","tt0070735","1292269"
"122","A Clockwork Orange","1971","tt0066921","1292233"
"123","Woman in the Dunes","1964","tt0058625","1295812"
"124","Metropolis","1927","tt0017136","1298107"
"125","1917","2019","tt8579674","30252495"
"126","Snatch","2000","tt0208092","1301171"
"127","The Wolf of Wall Street","2013","tt0993846","2997076"
"128","The Truman Show","1998","tt0120382","1292064"
"129","Downfall","2004","tt0363163","1309115"
"130","L.A. Confidential","1997","tt0119488","1292348"
"131","Shutter Island","2010","tt1130884","2334904"
"132","Dangal","2016","tt5074352","26387939"
"133","Green Book","2018","tt6966692","27060077"
"134","Bicycle Thieves","1948","tt0040522","1295873"
"135","Judgment at Nuremberg","1961","tt0055031","1292589"
"136","Jurassic Park","1993","tt0107290","1292523"
"137","Oppenheimer","2023","tt15398776","35593344"
"138","Batman Begins","2005","tt0372784","1309069"
"139","For a Few Dollars More","1965","tt0059578","1295586"
"140","Hamilton","2020","tt8503618","34961898"
"141","Some Like It Hot","1959","tt0053291","1292574"
"142","There Will Be Blood","2007","tt0469494","1945780"
"143","Taxi Driver","1976","tt0075314","1292222"
"144","The Father","2020","tt10272386","33432655"
"145","The Kid","1921","tt0012349","1293270"
"146","All About Eve","1950","tt0042192","1401385"
"147","The Sixth Sense","1999","tt0167404","1297630"
"148","Ran","1985","tt0089881","1296196"
"149","Casino","1995","tt0112641","1299799"
"150","The Thing","1982","tt0084787","1296794"
"151","No Country for Old Men","2007","tt0477348","1857099"
"152","Prisoners","2013","tt1392214","3592859"
"153","Top Gun: Maverick","2022","tt1745960","6893932"
"154","Kill Bill: Vol. 1","2003","tt0266697","1291580"
"155","Project Hail Mary","2026","tt12042730","35010610"
"156","Pan's Labyrinth","2006","tt0457430","1767042"
"157","Unforgiven","1992","tt0105695","1293566"
"158","A Beautiful Mind","2001","tt0268978","1306029"
"159","Howl's Moving Castle","2004","tt0347149","1308807"
"160","The Treasure of the Sierra Madre","1948","tt0040897","1292516"
"161","Finding Nemo","2003","tt0266543","1291586"
"162","Demon Slayer: Kimetsu No Yaiba Infinity Castle","2025","tt32820897","36524559"
"163","Klaus","2019","tt4729430","26858510"
"164","Yojimbo","1961","tt0055630","1292515"
"165","The Elephant Man","1980","tt0080678","1293200"
"166","The Great Escape","1963","tt0057115","1294947"
"167","Monty Python and the Holy Grail","1975","tt0071853","1294917"
"168","Dial M for Murder","1954","tt0046912","1301231"
"169","The Secret in Their Eyes","2009","tt1305806","4066125"
"170","Gone with the Wind","1939","tt0031381","1300267"
"171","Lock, Stock and Two Smoking Barrels","1998","tt0120735","1293350"
"172","Chinatown","1974","tt0071315","1293889"
"173","Catch Me If You Can","2002","tt0264464","1305487"
"174","V for Vendetta","2005","tt0434409","1309046"
"175","The Best of Youth","2003","tt0346336","1291831"
"176","Inside Out","2015","tt2096673","10533913"
"177","Dead Poets Society","1989","tt0097165","1291548"
"178","Trainspotting","1996","tt0117951","1292528"
"179","Three Billboards Outside Ebbing, Missouri","2017","tt5027774","26611804"
"180","Harry Potter and the Deathly Hallows: Part 2","2011","tt1201607","3011235"
"181","The Bridge on the River Kwai","1957","tt0050212","1294958"
"182","Rashomon","1950","tt0042876","1291879"
"183","Barry Lyndon","1975","tt0072684","1292472"
"184","The Wild Robot","2024","tt29623480","36689857"
"185","Ben-Hur","1959","tt0052618","1293150"
"186","Warrior","2011","tt1291584","3217169"
"187","Hacksaw Ridge","2016","tt2119532","26325320"
"188","Fargo","1996","tt0116282","1292067"
"189","Mad Max: Fury Road","2015","tt1392190","3592854"
"190","Million Dollar Baby","2004","tt0405159","1309016"
"191","Ratatouille","2007","tt0382932","1793491"
"192","Children of Heaven","1997","tt0118849","1303021"
"193","My Neighbor Totoro","1988","tt0096283","1291560"
"194","Gran Torino","2008","tt1205489","3026357"
"195","Raging Bull","1980","tt0081398","1293155"
"196","12 Years a Slave","2013","tt2024544","6879185"
"197","How to Train Your Dragon","2010","tt0892769","2353023"
"198","Memories of Murder","2003","tt0353969","1300299"
"199","The Grand Budapest Hotel","2014","tt2278388","11525673"
"200","Before Sunrise","1995","tt0112471","1296339"
"201","Blade Runner","1982","tt0083658","1291839"
"202","Monsters, Inc.","2001","tt0198781","1291579"
"203","Gone Girl","2014","tt2267998","21318488"
"204","Ford v Ferrari","2019","tt1950186","6538866"
"205","Jaws","1975","tt0073195","1294941"
"206","In the Name of the Father","1993","tt0107207","1297009"
"207","Spider-Man: No Way Home","2021","tt10872600","26933210"
"208","Wild Tales","2014","tt3011894","24750126"
"209","The Gold Rush","1925","tt0015864","1298817"
"210","Chainsaw Man - The Movie: Reze Arc","2025","tt30472557",""
"211","Sherlock Jr.","1924","tt0015324","1303408"
"212","Mary and Max","2009","tt0978762","3072124"
"213","A Silent Voice: The Movie","2016","tt5323662","26264454"
"214","The Wages of Fear","1953","tt0046268","1299932"
"215","The Deer Hunter","1978","tt0077416","1292403"
"216","Rocky","1976","tt0075148","1295742"
"217","Logan","2017","tt3315342","25765735"
"218","The General","1926","tt0017925","1292778"
"219","Pirates of the Caribbean: The Curse of the Black Pearl","2003","tt0325980","1298070"
"220","Mr. Smith Goes to Washington","1939","tt0031679","1297127"
"221","Tokyo Story","1953","tt0046438","1291568"
"222","La haine","1995","tt0113247","1306449"
"223","Spotlight","2015","tt1895587","25954475"
"224","Jai Bhim","2021","tt15097216","35652715"
"225","The Sound of Music","1965","tt0059742","1294408"
"226","Maharaja","2024","tt26548265","36934908"
"227","The Terminator","1984","tt0088247","1300656"
"228","Wild Strawberries","1957","tt0050986","1293071"
"229","On the Waterfront","1954","tt0047296","1292521"
"230","The Chaos Class Failed the Class","1975","tt0252488","3188244"
"231","The Best Years of Our Lives","1946","tt0036868","1294100"
"232","The Third Man","1949","tt0041959","1295451"
"233","The Big Lebowski","1998","tt0118715","1300044"
"234","The Incredibles","2004","tt0317705","1291577"
"235","Before Sunset","2004","tt0381681","1291990"
"236","Hachi: A Dog's Tale","2009","tt1028532","3011091"
"237","Room","2015","tt3170832","25724855"
"238","The Seventh Seal","1957","tt0050976","1293234"
"239","Hotel Rwanda","2004","tt0395169","1291822"
"240","The Exorcist","1973","tt0070047","1293755"
"241","Platoon","1986","tt0091763","1293396"
"242","The Iron Giant","1999","tt0129167","1293863"
"243","Rush","2013","tt1979320","6803494"
"244","Stand by Me","1986","tt0092005","1292925"
"245","The Wizard of Oz","1939","tt0032138","1292625"
"246","The Battle of Algiers","1966","tt0058946","1419005"
"247","My Father and My Son","2005","tt0476735","1793200"
"248","The Passion of Joan of Arc","1928","tt0019254","1293783"
"249","The Handmaiden","2016","tt4016934","25977027"
"250","Autumn Sonata","1978","tt0077711","1297268"
